configuration,feasibility_percent_mean,feasibility_percent_std,iterations_mean,iterations_std,rda_percent_day_mean,rda_percent_day_std,ens_kwh_mean,ens_kwh_std
Full SAGM-GWO,100.0,0.0,14.000066666666665,2.9999901601371195,2.800033333333333,0.6999351439577287,142.5,7.799944787603
w/o ERB,100.0,0.0,42.0,8.000064698014247,3.5,0.900017432781357,147.20006666666666,8.299991595065679
w/o Filtered OSI,100.0,0.0,15.000033333333333,2.9999532580649837,18.49996666666667,3.2000495199113805,178.60003333333333,11.400028997190386
w/o Graph repair,18.0,0.0,85.00003333333332,15.000053644693347,22.400066666666664,5.100007450524195,224.80006666666662,18.700001165283638
w/o V-aware repair,100.0,0.0,13.999900000000002,3.000030049849501,3.399966666666667,0.799964976963252,148.30003333333335,8.500016026286447
