configuration,ens_kwh_mean,ens_kwh_std,rda_percent_day_mean,rda_percent_day_std,switching_actions_mean,switching_actions_std,switching_reversals_mean,switching_reversals_std,critical_survival_percent_mean,critical_survival_percent_std
RH + Filtered + hyst.,143.1000333333333,7.900039085382721,2.9,0.7000604407404086,2.8,0.5000703398798875,0.19996666666666665,0.3999689197695355,98.40003333333335,0.9000143862196313
RH + Filtered beta=0.3,142.5,7.799916073819044,2.800066666666667,0.7000338875212834,3.000066666666667,0.5999229222522492,0.4000333333333333,0.5000520306261473,98.4999,0.9000388248330708
RH + Fixed wt.,168.7,9.399992024941593,8.200066666666665,1.2998809476874869,4.800066666666666,0.8999575060210777,2.0999666666666665,0.7999335525565527,94.60003333333334,1.8000050858804266
RH + Raw OSI,151.29993333333334,8.599983251520712,5.100033333333334,1.0000185682184153,5.499933333333334,1.4000138652843785,3.800066666666667,1.2000105152795992,96.80003333333333,1.2000363351778673
