configuration,feasibility_percent_mean,feasibility_percent_std,min_v_pu_mean,min_v_pu_std,overloads_mean,overloads_std,ens_kwh_mean,ens_kwh_std,overhead_ms_mean,overhead_ms_std
Nominal MST,100.0,0.0,0.952,0.003947937043134268,1.2000333333333333,0.800123330292375,148.29999999999998,8.50003341575582,0.0,0.0
Voltage-aware,100.0,0.0,0.961,0.0031293934633209487,0.3,0.49997310272481243,142.49996666666667,7.8000434856583265,0.30000000000000004,5.646012854083702e-17
